name,product_title,price,product_url,image_url,image_file
wooden_spoon,Zulay Kitchen 6 Piece Wooden Spoons for Cooking – Natural Teak Wooden Utensil Set,22.99,https://www.amazon.com/Zulay-Kitchen-Wooden-Utensils-Cooking/dp/B085W92DL4,https://m.media-amazon.com/images/I/91Iq+rPXI3L._AC_SL1500_.jpg,images/wooden_spoon.jpg
silicone_spatula,"Silicone Spatula Turner Set of 3, Beijiyi 600F Heat Resistant Cooking Spatulas for Nonstick Cookware",19.99,https://www.amazon.com/Silicone-Spatula-Beijiyi-Resistant-Spatulas/dp/B09WY2M47F,https://m.media-amazon.com/images/I/514OhjcBAbL._AC_SL1500_.jpg,images/silicone_spatula.jpg
glass_measuring_cup,Pyrex 6001075 2 Cup Glass Measuring Cup - Made in USA,15.85,https://www.amazon.com/Pyrex-Prepware-2-Cup-Glass-Measuring/dp/B0002ITQHS,https://m.media-amazon.com/images/I/6105mFANXkL._AC_SL1258_.jpg,images/glass_measuring_cup.jpg
coffee_mug,NOVA CERAMICS Travel Mug - Ceramic To Go Coffee Mug With Lid 12oz Sage Green,27.99,https://www.amazon.com/NOVA-CERAMICS-Microwavable-Microwave-Dishwasher/dp/B0BGLWCTLV,https://m.media-amazon.com/images/I/71nCuWn54SL._AC_SL1500_.jpg,images/coffee_mug.jpg
ceramic_teapot,"Toptier Ceramic Teapot, Large Tea Pot with Stainless Steel Infuser (37 oz, Blue)",26.39,https://www.amazon.com/Toptier-Ceramic-Stainless-Infuser-Blooming/dp/B09B9B9ZBK,https://m.media-amazon.com/images/I/61G6i-vgnkL._AC_SL1500_.jpg,images/ceramic_teapot.jpg
salt_shaker,OXO Good Grips Salt Shaker with Pour Spout,12.99,https://www.amazon.com/OXO-Good-Grips-Shaker-Spout/dp/B007ME4WJ2,https://m.media-amazon.com/images/I/619T0QhSUrL._AC_SL1500_.jpg,images/salt_shaker.jpg
wine_glass,"C CREST Wine Glasses Set of 8, 12oz, Lead-free, Clear, Durable Glassware",25.99,https://www.amazon.com/Glasses-Lead-free-Clear-Durable-Glassware/dp/B086RFDQTJ,https://m.media-amazon.com/images/I/71IXezSkClL._AC_SL1200_.jpg,images/wine_glass.jpg
travel_mug,"17oz Stainless Steel Vacuum Insulated Coffee Travel Mug, Double Wall Travel Tumbler with Spill Proof Lid",12.99,https://www.amazon.com/Stainless-Insulated-Beverage-Tumbler-Thermos/dp/B08LQM3FPC,https://m.media-amazon.com/images/I/61ZcVRsBcOL._AC_SL1500_.jpg,images/travel_mug.jpg
mason_jar,"Ball Glass Mason Jar with Lid and Band, Regular Mouth, 12 Jars",14.97,https://www.amazon.com/Ball-Mason-Jar-Regular-Jars/dp/B014V7RSE8,https://m.media-amazon.com/images/I/71Gx2rZpMyL._AC_SL1328_.jpg,images/mason_jar.jpg
cereal_bowl,"DOWAN 22 OZ White Ceramic Bowls Set of 4 - Soup Bowls, Cereal Bowl, Ramen Bowl",23.99,https://www.amazon.com/DOWAN-Ounces-Porcelain-Bowls-Cereal/dp/B01CEBRM1W,https://m.media-amazon.com/images/I/51QfbxHvRNL._AC_SL1500_.jpg,images/cereal_bowl.jpg
dinner_plate,"MORA Ceramic Flat Dinner Plates Set of 6, 10.5 in - Assorted Neutrals",56.99,https://www.amazon.com/Mora-Ceramic-Flat-Dinner-Plates/dp/B08ZHRFTMG,https://m.media-amazon.com/images/I/71wXw9c4UnL._AC_SL1500_.jpg,images/dinner_plate.jpg
soup_ladle,"Newness Soup Ladle, 304 Stainless Steel Soup Spoon with Ergonomic Round Handle, 13.7 Inches",13.79,https://www.amazon.com/Newness-Rustproof-Resistance-Stainless-Steel/dp/B07Q5MSHNF,https://m.media-amazon.com/images/I/51Vr3VIalsL._AC_SL1500_.jpg,images/soup_ladle.jpg
cheese_grater,"Cheese Grater, Professional Stainless Steel Grater with Handle, Flat Handheld Grater",12.99,https://www.amazon.com/Cheese-Grater-Professional-Stainless-Handheld/dp/B08JD28QL4,https://m.media-amazon.com/images/I/61fZLN0brYL._AC_SL1000_.jpg,images/cheese_grater.jpg
can_opener,OXO Good Grips Smooth Edge Can Opener,21.95,https://www.amazon.com/OXO-Good-Grips-Smooth-Opener/dp/B000079XW2,https://m.media-amazon.com/images/I/71hRBOp+AnL._AC_SL1500_.jpg,images/can_opener.jpg
garlic_press,"ORBLUE Garlic Press Stainless Steel - Garlic Mincer, Crusher & Peeler Set",16.99,https://www.amazon.com/ORBLUE-Garlic-Stainless-Mincer-Crusher/dp/B00HHLNRVE,https://m.media-amazon.com/images/I/71Vedoj53aL._AC_SL1500_.jpg,images/garlic_press.jpg
vegetable_peeler,OXO Good Grips Y-Peeler (Potato Peeler),11.84,https://www.amazon.com/OXO-21081-Grips-Peeler-Black/dp/B00004OCIU,https://m.media-amazon.com/images/I/81CHftbzWnL._AC_SL1500_.jpg,images/vegetable_peeler.jpg
pizza_cutter,SCHVUBENR Premium Pizza Cutter Wheel - Stainless Steel Pizza Slicer with Non-Slip Grip,8.99,https://www.amazon.com/SCHVUBENR-Premium-Pizza-Cutter-Dishwasher/dp/B089DHG71D,https://m.media-amazon.com/images/I/71rhgRVunmL._AC_SL1500_.jpg,images/pizza_cutter.jpg
kitchen_tongs,"HOTEC Premium Stainless Steel Locking Kitchen Tongs with Silicone Tips, Set of 2",9.99,https://www.amazon.com/Hotec-Premium-Stainless-Locking-Kitchen/dp/B07MQ2CT98,https://m.media-amazon.com/images/I/71loO1BuV6L._AC_SL1500_.jpg,images/kitchen_tongs.jpg
mixing_bowl,"FineDine Stainless Steel Mixing Bowls Set, Dishwasher Safe, 6 Piece",24.99,https://www.amazon.com/Mixing-Bowls-Stainless-Steel-Kitchen/dp/B01HTYH8YA,https://m.media-amazon.com/images/I/714fYYsqu2L._AC_SL1500_.jpg,images/mixing_bowl.jpg
butter_dish,OXO Good Grips Butter Dish,13.99,https://www.amazon.com/OXO-11122500-Grips-Butter-White/dp/B00L9X6M6I,https://m.media-amazon.com/images/I/61DKmImi7aL._AC_SL1500_.jpg,images/butter_dish.jpg
gravy_boat,"Nucookery Large 18 Oz Gravy Boat with Warmer, White Fine Porcelain Saucier",25.99,https://www.amazon.com/Nucookery-Ergonomic-Porcelain-Dripless-Dressings/dp/B09Y2Y3Y17,https://m.media-amazon.com/images/I/51Xu-8+OPrL._AC_SL1500_.jpg,images/gravy_boat.jpg
cookie_jar,ACK Chef Ceramic Cookie Jar with Lid and Rubber Seal,34.99,https://www.amazon.com/Chef-Cookie-Jar-88976-ACK/dp/B000UH6S6S,https://m.media-amazon.com/images/I/71kcOrZYGEL._AC_SL1500_.jpg,images/cookie_jar.jpg
bread_bin,"HOME IT Stainless Steel Bread Box for Kitchen, Bread Bin, Bread Holder",36.99,https://www.amazon.com/Home-Stainless-kitchen-storage-16-5x10x8/dp/B00O5AHWDO,https://m.media-amazon.com/images/I/51rh6LMXbOL._AC_SL1500_.jpg,images/bread_bin.jpg
napkin_holder,"simplehuman Quick Grip Napkin Holder, Stainless Steel, Brushed",24.99,https://www.amazon.com/simplehuman-Quick-Napkin-Holder-Stainless/dp/B000MUWMH2,https://m.media-amazon.com/images/I/71Q0rVzU9oL._AC_SL1500_.jpg,images/napkin_holder.jpg
fruit_bowl,"Folkulture Wooden Fruit Bowl for Kitchen Counter 12"" Large Acacia Wood",49.99,https://www.amazon.com/Folkulture-Farmhouse-Kitchen-Decorative-Pedestal/dp/B09TFG4R52,https://m.media-amazon.com/images/I/51jBBYxR8+L._AC_SL1080_.jpg,images/fruit_bowl.jpg
egg_cup,Ceramic Soft Hard Boiled Egg Cups Holder Set of 6 for Breakfast Brunch,13.99,https://www.amazon.com/Ceramic-Boiled-Holder-Breakfast-Brunch/dp/B08112N83Y,https://m.media-amazon.com/images/I/51yxzDaBlhL._AC_SL1500_.jpg,images/egg_cup.jpg
honey_dipper,"Honey Dipper Mini, 4.3 In Honey Spoon Stirrers Wooden, 1PCS",7.99,https://www.amazon.com/Honey-Dipper-Spoon-Stirrers-Wooden/dp/B0GLM9GQ33,https://m.media-amazon.com/images/I/61Mjd0NdSAL._AC_SL1500_.jpg,images/honey_dipper.jpg
coaster,"LIFVER Coasters Set of 6, Absorbent Stone with Holder, Black Marble Style Ceramic",15.99,https://www.amazon.com/LIFVER-Coasters-Absorbent-Furniture-Scratched/dp/B07P8QJTQL,https://m.media-amazon.com/images/I/71KPo9YFzoL._AC_SL1500_.jpg,images/coaster.jpg
trivet,"Trivets for Hot Dishes, Hot Pads for Kitchen, 7'' Heat Resistant 4-Pcs",NA,https://www.amazon.com/Trivets-Kitchen-Holders-Resistant-Essentials/dp/B0CQ2MCJ6W,https://m.media-amazon.com/images/I/81yqLRvC-5L._AC_SL1500_.jpg,images/trivet.jpg
sponge_holder,"Cisily Sponge Holder for Kitchen Sink, Sink Caddy Organizer, Stainless Steel (Black)",24.99,https://www.amazon.com/Cisily-Organzier-Rustproof-Stainless-Organizer/dp/B0C3QZ7SNF,https://m.media-amazon.com/images/I/81shIEM-H2L._AC_SL1500_.jpg,images/sponge_holder.jpg
spice_jar,"NETANY 24 Pcs Glass Spice Jars with Bamboo Lids, 4 oz with Labels, Funnel",NA,https://www.amazon.com/NETANY-Pcs-Spice-Jars-Labels/dp/B09FXXDGRJ,https://m.media-amazon.com/images/I/816fi14LbRL._AC_SL1500_.jpg,images/spice_jar.jpg
olive_oil_bottle,AOZITA 17oz Glass Olive Oil Bottle Dispenser - 500ml Oil and Vinegar Cruet,NA,https://www.amazon.com/AOZITA-Vinegar-Dispenser-Pourers-Decanter/dp/B0821Y5BS3,https://m.media-amazon.com/images/I/61OYm+qDfhL._AC_SL1500_.jpg,images/olive_oil_bottle.jpg
ketchup_bottle,"Heinz Tomato Ketchup, 32 oz Bottle",NA,https://www.amazon.com/Heinz-Tomato-Ketchup-32-Bottle/dp/B000WHXN3C,https://m.media-amazon.com/images/I/71yfPzSDScL._SL1500_.jpg,images/ketchup_bottle.jpg
cereal_box,"Cheerios, Heart Healthy Gluten Free Breakfast Cereal, Family Size, 18 oz",NA,https://www.amazon.com/Cheerios-Breakfast-Cereal-Whole-Gluten/dp/B08X68PTVG,https://m.media-amazon.com/images/I/81d3xYHQh1L._SL1500_.jpg,images/cereal_box.jpg
soup_can,"Campbell's Condensed Tomato Soup, 10.75 oz Can",NA,https://www.amazon.com/Campbells-Condensed-Tomato-Soup-10-75/dp/B000WLAVV0,https://m.media-amazon.com/images/I/71bxbprqFzL._SL1500_.jpg,images/soup_can.jpg
water_bottle,"Owala FreeSip Insulated Stainless Steel Water Bottle with Straw, 32 Oz",27.99,https://www.amazon.com/Owala-FreeSip-SS-Very-Dark/dp/B085DVHQ57,https://m.media-amazon.com/images/I/71Cfld2aMpL._AC_SL1500_.jpg,images/water_bottle.jpg
thermos_flask,"THERMOS Stainless King Vacuum-Insulated Drink Bottle, 24 Ounce, Matte Black",32.99,https://www.amazon.com/Thermos-Stainless-Ounce-Drink-Bottle/dp/B00EO0JZQC,https://m.media-amazon.com/images/I/51OTpIQwxwL._AC_SL1500_.jpg,images/thermos_flask.jpg
tea_kettle,"Tea Kettle Stovetop Whistling Teakettle Classic Stainless Steel, 2 Liters",NA,https://www.amazon.com/Kettle-Stovetop-Whistling-Teakettle-Stainless/dp/B07DFF5WPQ,https://m.media-amazon.com/images/I/61kgG2hAusL._AC_SL1500_.jpg,images/tea_kettle.jpg
french_press,Cafe Du Chateau Stainless Steel French Press Coffee Maker 34 oz,29.99,https://www.amazon.com/French-Press-Coffee-Maker-34oz/dp/B01J4O0T4E,https://m.media-amazon.com/images/I/71YUIQt+EEL._AC_SL1500_.jpg,images/french_press.jpg
moka_pot,"Bialetti Moka Express Iconic Stovetop Espresso Maker, Moka Pot 3 Cups",44.99,https://www.amazon.com/Original-Bialetti-Moka-Express-Stovetop/dp/B0000CF3Q6,https://m.media-amazon.com/images/I/71nqjUMnlVL._AC_SL1500_.jpg,images/moka_pot.jpg
milk_frother,"Zulay Kitchen Powerful Milk Frother Wand, Handheld Electric Whisk Foam Maker",14.99,https://www.amazon.com/Zulay-Original-Milk-Frother-Handheld/dp/B09D8T11YS,https://m.media-amazon.com/images/I/811azKMn+yL._AC_SL1500_.jpg,images/milk_frother.jpg
yogurt_cup,Crystalia 4 Pack 20 oz On The Go Yogurt Parfait Cups with Lids & Spoons,NA,https://www.amazon.com/Yogurt-Parfait-Reusable-Overnight-Oats/dp/B0863GSFSP,https://m.media-amazon.com/images/I/71qNtqXcReL._AC_SL1500_.jpg,images/yogurt_cup.jpg
butter_knife,"Stainless Steel Butter Spreader, Butter Knife - 3 in 1 Kitchen Gadgets",NA,https://www.amazon.com/Stainless-Steel-Butter-Spreader-Knife/dp/B0721T9RDR,https://m.media-amazon.com/images/I/51LayigAMhL._AC_SL1000_.jpg,images/butter_knife.jpg
cutting_board,"ROYAL CRAFT WOOD Wooden Cutting Boards for Kitchen Meal Prep & Serving, Bamboo",NA,https://www.amazon.com/Wooden-Cutting-Boards-Kitchen-Serving/dp/B07WFF17BQ,https://m.media-amazon.com/images/I/81odx2aS0aL._AC_SL1500_.jpg,images/cutting_board.jpg
dish_brush,"Amazer Dish Brush with Handle, 2 Pack Kitchen Scrub Brushes with Stiff Bristles",NA,https://www.amazon.com/Amazer-Bathroom-Comfortable-Odourless-Bristles/dp/B06Y5JW8NY,https://m.media-amazon.com/images/I/61cTe9A5Y1L._AC_SL1500_.jpg,images/dish_brush.jpg
measuring_spoons,Spring Chef Stainless Steel Measuring Spoons Set of 7 with Leveler,11.97,https://www.amazon.com/Spring-Chef-Stainless-Measuring-Spoons/dp/B013FW3AKG,https://m.media-amazon.com/images/I/81ZB6QcGD7L._AC_SL1500_.jpg,images/measuring_spoons.jpg
mug_tree,"HULISEN Coffee Mug Holder for Countertop, Cup Tree with 6 Hooks, Silver",NA,https://www.amazon.com/HULISEN-Holder-Standing-Coffee-Counter/dp/B08S7D81ZC,https://m.media-amazon.com/images/I/61MQds4cQBL._AC_SL1500_.jpg,images/mug_tree.jpg
utensil_holder,"DOWAN 360 Rotating Extra Large Cooking Utensil Holder, Ceramic Utensil Crock, Blue",25.99,https://www.amazon.com/DOWAN-Rotating-Christmas-Decorations-Thanksgiving/dp/B0B4RNYMWZ,https://m.media-amazon.com/images/I/81JfWQ0apOL._AC_SL1500_.jpg,images/utensil_holder.jpg
paper_towel_holder,"OXO Good Grips SimplyTear Paper Towel Holder Countertop, Brushed Stainless Steel",24.99,https://www.amazon.com/OXO-SimplyTear-Standing-Brushed-Stainless/dp/B000W8AF2S,https://m.media-amazon.com/images/I/71X9mZqydQL._AC_SL1500_.jpg,images/paper_towel_holder.jpg
sugar_bowl,"K KitchenTour Ceramic Sugar Bowl with Lid and Spoon, 12 oz/350 ml",NA,https://www.amazon.com/KitchenTour-Ceramic-Sugar-Bowl-Spoon/dp/B089YQ7V2P,https://m.media-amazon.com/images/I/51GUhi+Ps5L._AC_SL1500_.jpg,images/sugar_bowl.jpg
creamer_pitcher,Gurygo 2 Pack 4 Oz Classic White Ceramic Small Creamer Pitcher with Handle,NA,https://www.amazon.com/Gurygo-Creamer-Pitcher-Porcelain-Microwave/dp/B09WCSLSXB,https://m.media-amazon.com/images/I/51DIvon-ziL._AC_SL1500_.jpg,images/creamer_pitcher.jpg
tea_infuser,"Reinmoson Tea Strainers for Loose Tea, Extra Fine Mesh Tea Infuser, 304 Stainless Steel",9.99,https://www.amazon.com/Reinmoson-Strainers-Infuser-Stainless-Threaded/dp/B0B5ZTZL6G,https://m.media-amazon.com/images/I/71MoZmjDu1L._AC_SL1500_.jpg,images/tea_infuser.jpg
condiment_squeeze_bottle,"BRIGHTFROM Condiment Squeeze Bottles, 16 OZ Empty Squirt Bottle, Leak Proof, 2 PACK",6.74,https://www.amazon.com/BRIGHTFROM-Condiment-Squeeze-Bottles-Squirt/dp/B09FVCRK8V,https://m.media-amazon.com/images/I/61xNiCbGh5L._AC_SL1500_.jpg,images/condiment_squeeze_bottle.jpg
shaker_bottle,"BlenderBottle Classic V2 Shaker Bottle, 28-Ounce, Black",10.99,https://www.amazon.com/BlenderBottle-C03596-Classic-Bottle-28-Ounce/dp/B07TL6PNLD,https://m.media-amazon.com/images/I/413Q3LhEBFL._AC_SL1000_.jpg,images/shaker_bottle.jpg
napkin_ring,"Napkin Rings 12-Piece Set, 100% Metal, Rust-Resistant Tabletop Decor, Silver",NA,https://www.amazon.com/Alpha-Living-Home-12-Piece-Silver/dp/B07L8GX283,https://m.media-amazon.com/images/I/911O4354KpL._AC_SL1500_.jpg,images/napkin_ring.jpg
teacup,"SYJAN HOME Ceramic Teacups Set of 4, No Handle, 3 oz Japanese Teacup Set",NA,https://www.amazon.com/SYJAN-HOME-Ceramic-teacups-Japanese/dp/B0B5K9RK23,https://m.media-amazon.com/images/I/616Gg079mvL._AC_SL1500_.jpg,images/teacup.jpg
saucer,Ceramic 2pcs 4 Inch Plain White Saucer / Small Plate,NA,https://www.amazon.com/Ceramic-cutlery-Tableware-Saucer-Dinner/dp/B0CLY5XT2B,https://m.media-amazon.com/images/I/41d+Jh9hcIL._AC_SL1280_.jpg,images/saucer.jpg
espresso_cup,"Ceramic Espresso Cups Set of 4, 4.5oz - Demitasse Cups",NA,https://www.amazon.com/Ceramic-Espresso-Cups-Set-Accessories/dp/B0BNVN8HLG,https://m.media-amazon.com/images/I/814+ZKD69bL._AC_SL1500_.jpg,images/espresso_cup.jpg
shot_glass,"True Classic Shot Glass, Set of 6, 1.5 oz",9.99,https://www.amazon.com/True-1-5-Shot-Glasses-Classic/dp/B08NTWZHKZ,https://m.media-amazon.com/images/I/61G+fDBmXbL._AC_SL1500_.jpg,images/shot_glass.jpg
beer_mug,"Libbey Heidelberg Glass Beer Mug Set, 16 oz with Handle",34.99,https://www.amazon.com/Libbey-Heidelberg-Glass-Beer-16-ounce/dp/B00005MG3O,https://m.media-amazon.com/images/I/71IVP5FzAzL._AC_SL1500_.jpg,images/beer_mug.jpg
pitcher,"Glaver's Glass Water Pitcher with Spout, 48 Ounces",NA,https://www.amazon.com/Glass-Water-Pitcher-Spout-Crystal-Clear/dp/B09M17S5FB,https://m.media-amazon.com/images/I/71sfe7hkjrL._AC_SL1500_.jpg,images/pitcher.jpg
carafe,"NETANY Glass Carafe with Lid, 1 Liter, Set of 4",NA,https://www.amazon.com/NETANY-Carafe-Beverage-Pitcher-Lemonade/dp/B099RL5XXP,https://m.media-amazon.com/images/I/71vnOPG4h+S._AC_SL1500_.jpg,images/carafe.jpg
drinking_tumbler,"Libbey Heavy Base Drinking Glasses Set of 8, 15.5 Oz",34.99,https://www.amazon.com/Libbey-Heavy-Base-Tumbler-Glasses/dp/B00O8ZTWQQ,https://m.media-amazon.com/images/I/61lrLVk7q4L._AC_SL1500_.jpg,images/drinking_tumbler.jpg
coffee_grinder,"JavaPresse Manual Stainless Steel Coffee Grinder, Conical Burr",39.99,https://www.amazon.com/JavaPresse-Grinder-Conical-Brushed-Stainless/dp/B013R3Q7B2,https://m.media-amazon.com/images/I/61w4BRgEnGL._AC_SL1500_.jpg,images/coffee_grinder.jpg
kitchen_scale,"Amazon Basics Digital Kitchen Scale with LCD, up to 11 lb",9.89,https://www.amazon.com/AmazonBasics-Stainless-Digital-Batteries-Included/dp/B06X9NQ8GX,https://m.media-amazon.com/images/I/71eiII6MS-L._AC_SL1500_.jpg,images/kitchen_scale.jpg
slotted_spoon,"All-Clad Stainless Steel Slotted Spoon, 13-Inch",29.95,https://www.amazon.com/All-Clad-Stainless-Slotted-Kitchen-13-Inch/dp/B00005AL7I,https://m.media-amazon.com/images/I/71O54-wVU0L._AC_SL1500_.jpg,images/slotted_spoon.jpg
spaghetti_server,Newness 304 Stainless Steel Spaghetti Server / Pasta Fork,NA,https://www.amazon.com/Spaghetti-Newness-Stainless-Steel-Comfortable/dp/B074C5RCTG,https://m.media-amazon.com/images/I/412I823VlaL._AC_SL1001_.jpg,images/spaghetti_server.jpg
meat_tenderizer,"KITEXPERT Meat Tenderizer Hammer, Dual-side Mallet",NA,https://www.amazon.com/KITEXPERT-Tenderizer-Comfortable-Grip-Dual-side-Tenderizing/dp/B09QMFY1QC,https://m.media-amazon.com/images/I/71Q8w1YP2dL._AC_SL1500_.jpg,images/meat_tenderizer.jpg
mortar_and_pestle,Priority Chef Heavy Duty 1.5 Cup Granite Mortar and Pestle Set,36.24,https://www.amazon.com/Natural-Granite-Guacamole-Grinder-Crusher/dp/B09DD44BFD,https://m.media-amazon.com/images/I/81Pw-swq55L._SL1500_.jpg,images/mortar_and_pestle.jpg
nutcracker,Handy Housewares Metal Nutcracker / Seafood Tool,7.39,https://www.amazon.com/Metal-Nutcracker-Seafood-Tool-Lobster/dp/B08ZMCPWDM,https://m.media-amazon.com/images/I/51B64SJIoEL._AC_SL1126_.jpg,images/nutcracker.jpg
bottle_opener,OXO SteeL Stainless Steel Bottle and Can Opener,12.49,https://www.amazon.com/OXO-SteeL-Stainless-Bottle-Opener/dp/B0001YH1A2,https://m.media-amazon.com/images/I/51pZTfPiyTL._AC_SL1500_.jpg,images/bottle_opener.jpg
wine_stopper,Vacu Vin Stainless Steel Wine Saver with 6 Vacuum Stoppers,NA,https://www.amazon.com/Vacu-Vin-Stainless-Stopper-Stoppers/dp/B08B5JR118,NA,NA
ice_cube_tray,"DOQAUS Ice Cube Tray with Lids, 4 Pack Stackable Silicone",13.00,https://www.amazon.com/DOQAUS-Ice-Cube-Tray-Lids/dp/B088CR8NMD,https://m.media-amazon.com/images/I/61g3HjKrX9L._AC_SL1500_.jpg,images/ice_cube_tray.jpg
muffin_tin,"Farberware Nonstick 12-Cup Muffin Pan, Gray",16.99,https://www.amazon.com/Farberware-Nonstick-Bakeware-12-Cup-Muffin/dp/B00008W70J,https://m.media-amazon.com/images/I/719qa8+8DbL._AC_SL1500_.jpg,images/muffin_tin.jpg
loaf_pan,"Amazon Basics Nonstick Bread Loaf Pan, 9.5x5 in, Set of 2",19.72,https://www.amazon.com/AmazonBasics-Nonstick-Carbon-Steel-Bread/dp/B073P52PPR,https://m.media-amazon.com/images/I/81syrUvsd3L._AC_SL1500_.jpg,images/loaf_pan.jpg
pie_dish,"MORA Ceramic Pie Pan, 9 inch Deep Fluted, Vanilla White",NA,https://www.amazon.com/Mora-Ceramic-Pie-Pan-Baking/dp/B094WYSWV5,https://m.media-amazon.com/images/I/61nupUZn+GL._AC_SL1500_.jpg,images/pie_dish.jpg
ramekin,"LE TAUCI Ramekins 4 OZ Oven Safe, Set of 6, White",17.99,https://www.amazon.com/TAUCI-Ramekins-Dipping-Sauces-Pudding/dp/B07Z4R7CJZ,https://m.media-amazon.com/images/I/51YvPdxHMJL._AC_SL1500_.jpg,images/ramekin.jpg
casserole_dish,"Lareina Large Ceramic Casserole Dish with Lid, 4.0 Quart, Red",39.99,https://www.amazon.com/Lareina-Ceramic-Casserole-Rectangular-Stoneware/dp/B097RBK95L,https://m.media-amazon.com/images/I/517JY1X15HL._AC_SL1500_.jpg,images/casserole_dish.jpg
saucepan,"Amazon Basics Stainless Steel Sauce Pan with Lid, 3-Quart",24.30,https://www.amazon.com/AmazonBasics-Stainless-Steel-Sauce-3-Quart/dp/B07Y3L59BD,https://m.media-amazon.com/images/I/411Z-Ts4G0L._AC_SL1000_.jpg,images/saucepan.jpg
frying_pan,Tramontina Professional 10-Inch Nonstick Frying Pan,24.95,https://www.amazon.com/Tramontina-80114-535DS-Professional-Restaurant/dp/B009HBKQ16,https://m.media-amazon.com/images/I/61m-sEXaSqL._AC_SL1500_.jpg,images/frying_pan.jpg
wok,"Helen's Asian Kitchen Carbon Steel Wok, 12-inch",31.95,https://www.amazon.com/Helen-Asian-Kitchen-Carbon-12-inch/dp/B00428M7K2,https://m.media-amazon.com/images/I/41iJR9HoccL._AC_SL1200_.jpg,images/wok.jpg
salad_spinner,"OXO Good Grips Salad Spinner, 6.22 Quart",34.99,https://www.amazon.com/OXO-Good-Grips-Salad-Spinner/dp/B00004OCKR,https://m.media-amazon.com/images/I/818Y0pTgRrL._AC_SL1500_.jpg,images/salad_spinner.jpg
salad_bowl,"AIDEA Acacia Wood Salad Bowl Set, 12.5"" with Utensils",45.99,https://www.amazon.com/Acacia-Wooden-Salad-Bowl-Set/dp/B076HN9Z8Z,https://m.media-amazon.com/images/I/71eJ5iKYS2L._AC_SL1500_.jpg,images/salad_bowl.jpg
cake_stand,"Anchor Hocking Glass 11.25"" Cake Dome / Stand",NA,https://www.amazon.com/Anchor-Hocking-340Q-Glass-11-25/dp/B01IIGO6Q6,https://m.media-amazon.com/images/I/51kWndRiJHL._AC_SL1500_.jpg,images/cake_stand.jpg
bread_basket,"Eccliy 6 Pack Wicker Bread Baskets, 15.8 Inch Woven",NA,https://www.amazon.com/Imitation-Baskets-Tabletop-Vegetables-Restaurant/dp/B0BGXDFC1L,https://m.media-amazon.com/images/I/91tgRiOJChL._AC_SL1500_.jpg,images/bread_basket.jpg
coffee_canister,"Veken Coffee Canister, 39OZ Airtight Stainless Steel",NA,https://www.amazon.com/Veken-Canister-Stainless-Container-Accessories/dp/B0DZ2MMFMJ,https://m.media-amazon.com/images/I/61Qusqz1P9L._AC_SL1500_.jpg,images/coffee_canister.jpg
flour_canister,Vtopmart 4 PCS Airtight Food Storage Canisters for Flour/Sugar,NA,https://www.amazon.com/Containers-Vtopmart-Airtight-Supplies-Measuring/dp/B087G4T7VN,https://m.media-amazon.com/images/I/812CS5xOLoL._AC_SL1500_.jpg,images/flour_canister.jpg
cookie_cutter,"12 Pieces Round Cookie Biscuit Cutter Set, Stainless Steel",35.07,https://www.amazon.com/Pieces-Biscuit-Graduated-Cutters-Stainless/dp/B08BWL2TR5,https://m.media-amazon.com/images/I/71iDjtGYBmL._AC_SL1200_.jpg,images/cookie_cutter.jpg
manual_juicer,"CO-Z Manual Citrus Juicer, Commercial Grade Cast Iron",NA,https://www.amazon.com/CO-Z-Commercial-Citrus-Squeezer-Pomegranate/dp/B01MRNL7WI,https://m.media-amazon.com/images/I/81iCiF0JU3L._AC_SL1500_.jpg,images/manual_juicer.jpg
apple_corer,"Zulay Kitchen Apple Corer Tool, Stainless Steel",9.99,https://www.amazon.com/Zulay-Stainless-Steel-Apple-Corer/dp/B07C6CP1XB,https://m.media-amazon.com/images/I/81120Ot-+xL._AC_SL1500_.jpg,images/apple_corer.jpg
melon_baller,"KitchenCraft Professional Melon Baller Scoop, Stainless Steel",NA,https://www.amazon.com/Professional-Stainless-Steel-Handled-Baller/dp/B0001IWV4Y,https://m.media-amazon.com/images/I/61zdrCvOGOL._AC_SL1500_.jpg,images/melon_baller.jpg
potato_ricer,"PriorityChef Large 15oz Potato Ricer, Stainless Steel",25.99,https://www.amazon.com/Priority-Chef-Potato-Perfection-Stainless/dp/B00MUEHPGQ,https://m.media-amazon.com/images/I/71Nm2CTmkjL._AC_SL1500_.jpg,images/potato_ricer.jpg
egg_slicer,OXO Good Grips Egg Slicer,14.99,https://www.amazon.com/OXO-1271080-1271080V1-Slicer-White/dp/B00FYL4MY0,https://m.media-amazon.com/images/I/71S2fb0aWzL._AC_SL1500_.jpg,images/egg_slicer.jpg
avocado_slicer,"OXO Good Grips 3-in-1 Avocado Slicer, Green",11.99,https://www.amazon.com/OXO-Good-Grips-Avocado-Slicer/dp/B0088LR592,https://m.media-amazon.com/images/I/61COEY4FndL._AC_SL1500_.jpg,images/avocado_slicer.jpg
mandoline_slicer,"OXO Good Grips Handheld Mandoline Slicer, Adjustable",21.95,https://www.amazon.com/OXO-Adjustable-Handheld-Mandoline-Slicer/dp/B000YDO2LG,https://m.media-amazon.com/images/I/612eWBe4cUL._AC_SL1500_.jpg,images/mandoline_slicer.jpg
box_grater,OXO Good Grips Box Grater,28.00,https://www.amazon.com/OXO-Good-Grips-Box-Grater/dp/B0007VO0CQ,https://m.media-amazon.com/images/I/61f8-ZiUdGL._AC_SL1500_.jpg,images/box_grater.jpg
mesh_strainer,"Cuisinart Stainless Steel Fine Mesh Strainers, Set of 3",15.99,https://www.amazon.com/Cuisinart-CTG-00-3MS-Stainless-Steel-Strainers/dp/B007TUQF9O,https://m.media-amazon.com/images/I/61EIor9P1BL._AC_SL1000_.jpg,images/mesh_strainer.jpg
fish_spatula,"MIU Fish Spatula Stainless Steel, Flexible Slotted Turner",27.99,https://www.amazon.com/MIU-France-Stainless-Slotted-11-Inch/dp/B000GGTYC8,https://m.media-amazon.com/images/I/71ckTkLbKnL._AC_SL1500_.jpg,images/fish_spatula.jpg
basting_brush,OXO Good Grips Silicone Basting & Pastry Brush,12.99,https://www.amazon.com/OXO-Grips-Silicone-Basting-Pastry/dp/B000HD7FJ4,https://m.media-amazon.com/images/I/51ZYRxasEZL._AC_SL1500_.jpg,images/basting_brush.jpg
dough_scraper,"Spring Chef Dough Bench Scraper, Stainless Steel",NA,https://www.amazon.com/Spring-Chef-Stainless-Scraper-Chopper/dp/B01FQACSLM,https://m.media-amazon.com/images/I/71C6NmQ4acL._AC_SL1500_.jpg,images/dough_scraper.jpg
bench_scraper,OXO Good Grips Stainless Steel Multi-Purpose Scraper & Chopper,14.99,https://www.amazon.com/OXO-Multi-purpose-Stainless-Scraper-Chopper/dp/B00004OCNJ,https://m.media-amazon.com/images/I/61txfa10m3L._AC_SL1500_.jpg,images/bench_scraper.jpg
cake_server,"Nordic Ware Cake Lifter, 10-Inches",16.50,https://www.amazon.com/Nordic-Ware-Cake-Lifter-10-Inches/dp/B000237LPC,https://m.media-amazon.com/images/I/418W3blNPsL._AC_SL1000_.jpg,images/cake_server.jpg
ice_scoop,"TeamFar 12oz Ice Scoop, Stainless Steel",NA,https://www.amazon.com/TeamFar-Stainless-Multifunction-Non-Toxic-Dishwasher/dp/B085PVZ37Q,https://m.media-amazon.com/images/I/61Zr3HeiMsL._AC_SL1500_.jpg,images/ice_scoop.jpg
flour_sifter,"Bellemain 3 Cup Flour Sifter, Stainless Steel",10.49,https://www.amazon.com/Bellemain-Stainless-Steel-Flour-Sifter/dp/B00XIIHKFO,https://m.media-amazon.com/images/I/61tFJuyEAXL._AC_SL1080_.jpg,images/flour_sifter.jpg
spoon_rest,"E-far Stainless Steel Spoon Rest, Set of 2",NA,https://www.amazon.com/far-Stainless-Spatula-Kitchen-Dishwasher/dp/B08BR7CKZT,https://m.media-amazon.com/images/I/61RS873wGHL._AC_SL1500_.jpg,images/spoon_rest.jpg
trinket_dish,"COLLECTIVE HOME Ceramic Trinket Dish, 4.75"", White",17.99,https://www.amazon.com/COLLECTIVE-HOME-Decorative-Necklaces-Christmas/dp/B09RPKGVDW,https://m.media-amazon.com/images/I/71ZjV0QJZkL._AC_SL1500_.jpg,images/trinket_dish.jpg
lotion_bottle,"Refillable Plastic Lotion / Soap Dispenser Pump Bottle, 32oz, 2 Pack",NA,https://www.amazon.com/Plastic-Refillable-Dispenser-Container-Bathroom/dp/B092YHX3YP,https://m.media-amazon.com/images/I/41Yp7X9lRcS._AC_SL1500_.jpg,images/lotion_bottle.jpg
toothbrush_cup,"iHave Toothbrush Holder, 2 Cups Wall Mounted",17.99,https://www.amazon.com/iHave-Toothbrush-Bathrooms-Toothpaste-Dispenser/dp/B099MS8VL2,https://m.media-amazon.com/images/I/61vnb0dxNmL._AC_SL1500_.jpg,images/toothbrush_cup.jpg
gravy_separator,OXO Good Grips Good Gravy 4-Cup Fat Separator,19.95,https://www.amazon.com/OXO-Grips-Gravy-Separator-4-Cup/dp/B071F2ZM15,https://m.media-amazon.com/images/I/61W8X6uh4yL._AC_SL1500_.jpg,images/gravy_separator.jpg
butter_crock,"Sweese French Butter Dish / Crock with Water Line, White",24.99,https://www.amazon.com/Sweese-Porcelain-Butter-Keeper-Crock/dp/B076H4SDBT,https://m.media-amazon.com/images/I/61qUDXFaPIL._AC_SL1500_.jpg,images/butter_crock.jpg
condiment_caddy,"ZOOFOX 2 Pack Metal Condiment Caddy, Tabletop Organizer",NA,https://www.amazon.com/ZOOFOX-Condiment-Tabletop-Organizer-Countertop/dp/B0BCKKJQK7,https://m.media-amazon.com/images/I/71zkSj-cG4L._AC_SL1500_.jpg,images/condiment_caddy.jpg
napkin_dispenser,"San Jamar Countertop Napkin Dispenser, 300 Napkins, Black",95.99,https://www.amazon.com/San-Jamar-H3001BKC-Countertop-Dispenser/dp/B0002L34HI,https://m.media-amazon.com/images/I/7176+-lYkqL._SL1500_.jpg,images/napkin_dispenser.jpg
straw_holder,MyLifeUNIT Stainless Steel Straw Holder for Counter,NA,https://www.amazon.com/MyLifeUNIT-Counter-top-Dispenser-Stainless-Organizer/dp/B01J7Z2OC0,https://m.media-amazon.com/images/I/61TGW+y6d6L._AC_SL1500_.jpg,images/straw_holder.jpg
spice_rack,"Amazon Basics 20 Jars Spice Rack Organizer, Silver",37.43,https://www.amazon.com/Amazon-Basics-Organizers-Storage-Silver/dp/B07YX8NSTD,https://m.media-amazon.com/images/I/61e-9B7Lk+L._AC_SL1200_.jpg,images/spice_rack.jpg
serving_spoon,"Chef Craft Select Serving Spoon, 9.5 inch, Stainless Steel",4.01,https://www.amazon.com/Chef-Craft-10130-6-Silver/dp/B00F1UX6MI,https://m.media-amazon.com/images/I/51aJ-jQdiBL._AC_SL1500_.jpg,images/serving_spoon.jpg
ladle_small,Idomy 2-Piece Stainless Steel Small Ladle,NA,https://www.amazon.com/Idomy-2-Piece-Stainless-Steel-Gravy/dp/B07QL6P4ZV,https://m.media-amazon.com/images/I/51O7NtZx8mL._AC_SL1000_.jpg,images/ladle_small.jpg
colander_plastic,"YBM Home 9.75 Inch Plastic Strainer Colander with Handle, White",NA,https://www.amazon.com/YBM-Plastic-Strainer-Colander-Handle/dp/B07CX87JM3,https://m.media-amazon.com/images/I/51NR7lSR-cS._AC_SL1500_.jpg,images/colander_plastic.jpg
teapot_glass,HIWARE 1000ml Glass Teapot with Removable Infuser,20.90,https://www.amazon.com/Hiware-Removable-Infuser-Stovetop-Blooming/dp/B01LZSA84J,https://m.media-amazon.com/images/I/71TkR7JSRnL._AC_SL1500_.jpg,images/teapot_glass.jpg
